Model,Accuracy,ROC_AUC,F1
Logistic Regression,0.826,0.8911926308985134,0.5945945945945946
Decision Tree,1.0,1.0,1.0
Random Forest,0.7372,0.8578058338720104,0.6302757456387169
